" ";"Адрес";"Объект";"Административный округ";"Ответственный менеджер";"Тип обследования (ОС, ТС, ПС, Видео, Переключение, М/П, Скуд)";"номер хоз";"Статус заявки";"Исполнитель /дата";"Комментарий";"Срок исполнения (Dead Time)";"Latitude";"Longitude";"1 USD = 77,7273155 р";"1 EURO = 90,236 р";"Ссылка"
"22.09.2025";"Москва Аминьевское ш.д.32";"Электромонтаж";"Давыдково";"Супонников Михаил";"п/н 83237 Меняем полностью старую ОС";"Сергей Гладков 8-905-5068063";"назначено";"насим 23.09";"-";"Tue Sep 23 2025 17:00:00 GMT-0400 (Eastern Daylight Time)";"55.7196984";"37.451619";"-";"-";"-"
"24.09.2025";"г. Тверь, пер-к Беляковский, дом 31";" Гостиница "" Hotel-City""";"Тверь ";" Евгений Александрович Христенко. 8-906-753-62-55, hristenkoeu@yandex.ru";"Обследование на предмет установки ПС. Заказчик может в режиме видеоконференции показать все помещения, если это поможет избежать выезда.  Если так невозможно, то едем осматривать.";"Анастасия -+7 (952) 065-11-06";"назначено";"подряд ок";"-";"-";"56.8585394";"35.8793706";"-";"-";"-"
"29.09.2025";"Москва ,ул, Бакинская д ,15,кв,2 ,пд 1";"Квартира";"Царицыно";"Корнев Данила , 89957933845,d.kornev@ohrana-neva.ru";"ОС провод";"Илья 89154961070";"назначено";"Клиент просит обследовать 29.09-30.09.,";"-";"Mon Sep 29 2025 17:00:00 GMT-0400 (Eastern Daylight Time)";"55.6208969";"37.6590591";"-";"-";"-"
"07.10.2025";"Московская обл., Ленинский район, д. Богданиха, ул. Ленина, дом 31/1.";"ЧД)";"-";"Дубовик Александр 8967 305 10 20";"Клиент хочет подключить передачу сигнала ОС через интернет, нужно проверить, возможно это или нет, если такая возможность есть - реализовать, составить акт и выслать мне.";"Чижиков Сергей Анатольевич   8-916-941-98-02";"назначено";"клиент готов принять техника только 19.10.2025 (ЭТО ВЫХОДНОЙ ДЕНЬ)";"Сделан монтаж";"Sun Oct 19 2025 17:00:00 GMT-0400 (Eastern Daylight Time)";"55.5411525";"37.8724589";"-";"-";"-"
"07.10.2025";"Московская область, г. Талдом, мкр. Юбилейный, д.46а,";"для нужд ГБУ СО МО ""КЦСОР ""Талдомский""";"-";"Задача № 698453 + ПРОЕКТИРОВЩИК ТУРОВ ДМИТРИЙ";"азание услуг по разработке проектной документации на системы противопожарной защиты ";"89683823221 Ирина Ивановна";"назначено";"кошелев 14.10";"-";"Tue Oct 14 2025 17:00:00 GMT-0400 (Eastern Daylight Time)";"56.741445";"37.5348751";"-";"-";"-"
"07.10.2025";"г. Москва, ул. 3-я Кабельная, д. 1";"МФЮА МОСКОВСКИЙ ФИНАНСОВО-ЮРИДИЧЕСКИЙ УНИВЕРСИТЕТ";"Авиамоторная";"Севрюков Никита Сергеевич +7(938)46-00-222   n.sevriukov@ohrana-neva.ru";" Необходимо сделать расчёт, системы ПС, ОТС.  На объекте произошел ремонт, так же была достроена пристройка куда тоже необходима система ПС, на сколько мне известно тех.специалист был там в июне. ";"7 903 682-58-80 Елена Евгеньевна";"назначено";"новгородцев 08.10";"-";"Wed Oct 08 2025 17:00:00 GMT-0400 (Eastern Daylight Time)";"55.7467826";"37.7172287";"-";"-";"-"
"07.10.2025";"Москва г, вн.тер.г. муниципальный округ Ясенево, ул Профсоюзная, д. 63/344";"Пивновъ";"Калужская";"Сафин Максим 89996287015";"п/н 137805, Требуется обследование на предмет обслуживания ТО ПС. У кл уже есть пс на объекте. Сейчас делает то другая организация.";"Ян +7 915 161-50-84";"назначено";"новгородцев 08.10";"-";"Wed Oct 08 2025 17:00:00 GMT-0400 (Eastern Daylight Time)";"55.65423209999999";"37.5389517";"-";"-";"-"
"07.10.2025";"Москва Крупская 7";"""аренда помещений""";"Университет";" Михайлов Александр Юрьевич +7(999) 625 17 07 ";" на объекте нужно рассчитать охрану входной группы. Нужно позвонить заранее ответственному на объекте. Он объяснить как войти в помещение. Договор без МО, поэтому считаем только защиту входной группы.   ";"7 963 131-11-17 Степан ";"назначено";"насим 08.10";"-";"Wed Oct 08 2025 17:00:00 GMT-0400 (Eastern Daylight Time)";"55.6823663";"37.5283715";"-";"-";"-"
"16.10.2025";" г. Москва, 2-й Грайвороновский пр., д. 42, корп. 1";" ООО «ОКЕЙ ИНГЛИШ», Языковой центр «O’KEY ENGLISH»";"Стахановская";" Гаук Евгений Михайлович 8-936-555-12-44 / 8-977-393-94-62";"На объекте установлена наша ПС, монтаж 2019 года, проект не разрабатывался по причине задолженности клиента перед компанией и последующих судебных разбирательств. Необходимо зарисовать схему  расстановки оборудования с расшлейфовкой, чтобы после установки 27 резисторов в ДИПы разработать проектную документацию, с Маркушиным Андреем согласовано.";"Клиент: Даниил +7 985 261-50-56";"назначено";"новгородцев 17.10";"-";"Fri Oct 17 2025 17:00:00 GMT-0400 (Eastern Daylight Time)";"55.7247602";"37.7429286";"-";"-";"-"
"20.10.2025";"Москва, ул. Красноказамерннная, д. 3";"Склад";"Лефортово";"Киселев Александр Владимирович, a.kiselev@ohrana-neva.ru, +79943333994";"Принятие объекта на ТО ПС + МПС";"Ключников Виталий Алексеевич, тел. +7 9099787472";"назначено";"шатохин 23.10";"-";"Thu Oct 23 2025 17:00:00 GMT-0400 (Eastern Daylight Time)";"55.7604511";"37.6909752";"-";"-";"-"
"21.10.2025";"Москва. Космодамианская наб., д. 4/22А, этаж цокольный";" Студия танцев ""GROOVELAB"" ";"Новокузнецкая";" Люманов Кирилл Денисович, 89275218484 .";"Необходимо обследование c целью проверки действующей ПС на возможность принятия её на ТО и мониторинг.";"Фролова Ольга Николаевна 8 958 500-82-28";"назначено";"насим 22.10";"-";"Wed Oct 22 2025 17:00:00 GMT-0400 (Eastern Daylight Time)";"55.7436768";"37.6404628";"-";"-";"-"
"21.10.2025";" Москва, ул. Лобачика, 11, 3 этаж ";"Фитнес-клуб ""Zscipion""";"Красносельская";" Люманов Кирилл Денисович, 89275218484 .";"Необходимо обследование c целью проверки действующей ПС на возможность принятия её на ТО и мониторинг.";"Фролова Ольга Николаевна 8 958 500-82-28";"назначено";"шатохин 21.10";"-";"Tue Oct 21 2025 17:00:00 GMT-0400 (Eastern Daylight Time)";"55.78833849999999";"37.6629024";"-";"-";"-"
"21.10.2025";"Москва, 4-й Самотёчный пер., д. 9, подъезд 2, этаж 4";" Студия танцев ""GROOVELAB"" ";"Достоевская";" Люманов Кирилл Денисович, 89275218484 .";"Необходимо обследование c целью проверки действующей ПС на возможность принятия её на ТО и мониторинг.";"Фролова Ольга Николаевна 8 958 500-82-28";"назначено";"насим 22.10";"-";"Wed Oct 22 2025 17:00:00 GMT-0400 (Eastern Daylight Time)";"55.77884779999999";"37.6128886";"-";"-";"-"
"21.10.2025";"  г. Москва ул.Нижний Сусальный переулок, 9стр4А";"Клуб Виртуальной Реальности PORTAL VR";"Курская";" Берёзко Татьяна Александровна 89046339356 t.berezko@ohrana-neva.ru";"Необходимо сориентироваться по оборудованию для ОС, ТС. Связаться с клиентом, запланировать выезд. ";"-";"назначено";"попов 22.10";"-";"Wed Oct 22 2025 17:00:00 GMT-0400 (Eastern Daylight Time)";"55.7604786";"37.6668492";"-";"-";"-"
"22.10.2025";"Химки ул. 9 Мая стр 1А";"""Wilberries""";"Химки";"Рощин Сергей Сергеевич  89858171338";"-";"-";"назначено";"шишкинский 22.10";"-";"Wed Oct 22 2025 17:00:00 GMT-0400 (Eastern Daylight Time)";"55.8892946";"37.4288455";"-";"-";"-"
"22.10.2025";"МО.,г. Люберцы, ул. Инициативная 7В";" Дисконт центр ( Low Price дисконт центр ) ";"Люберцы";" Анатолий к 89661247700";"  ";"79266000595 Георгий 79775224142 Леонид";"назначено";"шатохин 24.10";"-";"Fri Oct 24 2025 17:00:00 GMT-0400 (Eastern Daylight Time)";"55.6852931";"37.8975125";"-";"-";"-"
"23.10.2025";"Москва г, вн.тер.г. муниципальный округ Ховрино, ул Дыбенко, д. 14, к. 2";"Ясли сад Kinder Academy)";"Беломорская";"Сафин Максим 89996287015";"п/н 137461 Требуется техник. Кл затопили и ПС теперь в нерабочем состоянии. Нужно что бы техник приехал оценил масштаб бедствия и написал что нужно для ремонта.";"Татьяна +7 968 745-30-85";"назначено";"насим 27.10";"-";"Mon Oct 27 2025 17:00:00 GMT-0400 (Eastern Daylight Time)";"55.870559";"37.4859368";"-";"-";"-"
"24.10.2025";"Химки ул 9 Мая стр 1А";"Пункт Выдачи Заказов Озон";"Химки";"Ахметкалиев Фархат Ханатович f.ahmetkaliev@ohrana-neva.ru 8-906-401-85-44";"посчитать новый монтаж ПС и ОСТС";"7 965 436-46-12 Вера";"назначено";"шишкинский 24.10";"-";"Fri Oct 24 2025 17:00:00 GMT-0400 (Eastern Daylight Time)";"55.8892946";"37.4288455";"-";"-";"-"
"27.10.2025";" Москва г, вн.тер.г. муниципальный округ Мещанский, ул Трифоновская, д. 56";"«Proswim» Магазин товаров для плавания";"Рижская";"Бурлакова Дарья Михайловна d.burlakova@ohrana-neva.ru 8-927-519-23-15";"п/н 1577 Клиент просит сделать обследование по Пс на этом объекте , было дооборудование от нас и было подключение их ПС , говорит что бывают проверки и возможно устарело, также световой вещатель не работает , прошу направить техника , чтобы проверил и посчитать что на замену ";"Станислав 7 903 571-28-41";"назначено";"шатохин 01.11";"-";"Sat Nov 01 2025 17:00:00 GMT-0400 (Eastern Daylight Time)";"55.7891273";"37.6304822";"-";"-";"-"
"28.10.2025";"  Москва, 1я парковая 7а корпус 2";"помещение под аренду";"Измайловская";" Михайлов Александр 7999 625 17 07 ";" нужно провести обследование на новый монтаж ПС для дальнейшего принятия на ТО ПС + ПС мониторинг. Конкуренты считали смету на Гранит 8. Смету так же прикладываю. ";"лиент Сергей +7 926 270-85-59 ";"назначено";"шатохин 31.10";"-";"Fri Oct 31 2025 17:00:00 GMT-0400 (Eastern Daylight Time)";"55.7894976";"37.7767208";"-";"-";"-"
"28.10.2025";" г. Москва, Коровинское шоссе 7к1";"Kokos Beauty";"Селигерская";" Габричидзе Георгий Георгиевич +7(915)456-31-91 g.gabrichidze@ohrana-neva.ru";"Необходимо произвести обследование на предмет принятия объекта на ТО ПС";"89032138022 - Екатерина";"назначено";"гагик 17..11.2025";"-";"-";"55.8672041";"37.5387128";"-";"-";"-"
"28.10.2025";"г.Москва,пер.Кривоколенный.,д.10,стр.9 ";") ООО""Клиника частная практика""";"Чистые пруды";"Беликина Светлана Александровна 8(902)0959146 .";"Необходимо обследование для расчёта нового монтажа ОСТС. Так же необходима проверка действующей ПС на возможность принятия её на ТО и мониторинг, рассчитать новый монтаж ОС ПС из расчёта действующего оборудования клиента.";"Дядюх Игорь Викторович, +7 909 169-77-38";"назначено";"шатохин 01.11";"-";"Sat Nov 01 2025 17:00:00 GMT-0400 (Eastern Daylight Time)";"55.76150329999999";"37.6365117";"-";"-";"-"
"28.10.2025";"Московская обл., г.о. Богородский, г. Ногинск, пер. Аптечный, д. 12, пом.1 ";"Хостел Абсолют";"-";"Максимов Максим 89275850105";"Требуется обследование на предмет установки речевых оповещателей (200 кв.метров).";"Оксана +79034797765";"назначено";"ковалев 31.10";"-";"Fri Oct 31 2025 17:00:00 GMT-0400 (Eastern Daylight Time)";"55.8784004";"38.4687413";"-";"-";"-"
"10.11.2025";" Московская обл., г. Балашиха, мкр Железнодорожный, ул. Струве, д. 11";" студия красоты "" Beautiful Skin """;"Балашиха";"Князев Никита Константинович тел.: +7-995-099-96-99";" на обследование ОТС+ПС гост.";"Контакт ЛПР - 8-977-814-58-11 Маргарита.";"назначено";"ковалев 10.11.2025";"-";"Mon Nov 10 2025 16:00:00 GMT-0500 (Eastern Standard Time)";"55.7365234";"37.9963124";"-";"-";"-"
"10.11.2025";"МО, Ленинский г.о., пгт Лопатино, дом 52.";"-";"Лопатино";" Евгений Александрович Христенко. 8-906-753-62-55, hristenkoeu@yandex.ru";"На обьекте установлена Система HIK-Connect. Необходимо ее проверить и вывести обьект на наш пульт охраны. Заключаем с клиентом договор.";"ХозЛицо - +7 914 675-56-45";"назначено";"даниелян 10.11.2025";"-";"Mon Nov 10 2025 16:00:00 GMT-0500 (Eastern Standard Time)";"55.5286444";"37.6438924";"-";"-";"-"
"20.10.2025";"г.Москва,ул.Изумрудная д.20";"ООО""РАДИО-МКТ""";"-";"Беликина Светлана Александровна 8(902)0959146 .";"Необходимо обследование для расчёта нового монтажа ОСТС. Так же необходима проверка действующей ПС на возможность принятия её на ТО и мониторинг";"Якупов Али Абдулаевич 8(916)685-71-64";"не назначено";"после 20.11.";"-";"-";"55.457751";"36.95670399999999";"-";"-";"-"
"12.11.2025";"Москва, Студеный проезд, дом 7 Г,";"Гастроном.";"Медведково";" Евгений Александрович Христенко. 8-906-753-62-55, hristenkoeu@yandex.ru";"Обследование на предмет установки ОС, ТС и ПС. Ремонт близится к завершению.";"Кирилл - +7-985-757-47-42";"назначено";"шатохин 12.11.2025";"-";"Wed Nov 12 2025 16:00:00 GMT-0500 (Eastern Standard Time)";"55.8934936";"37.66295119999999";"-";"-";"-"
"14.11.2025";"МО, Павлово-Посадский го, ДНТ Ефимовский Лес, 2-я линия, д. 63.";"коттедж";"Павлоский Посад ";"Коломыцева Марианна Эдгаровна Телефон : 8-904-427-53-10";"Объект загородный дом, требуется уличное видеонаблюдение";"79265665501 - Александр";"не назначено";"-";"клиент не берет трубку";"-";"55.7928384";"38.6958626";"-";"-";"-"
"17.11.2025";"М.О.г.Краснозаводск ул.Строителей д.16 2 х этажное здание 1этаж";"магазин чижик 2 этаж офисные помещения";"Краснозаводск";"Моторин Александр";"Осмотр ос пс и видео";"Николай +79036109301";"не назначено";"-";"-";"-";"56.4407647";"38.2405032";"-";"-";"-"
"17.11.2025";"Мытищи Борисовка 26";"Пекарня";"Мытищи ";". Борадзов Тимур Аланович 89286862599 / t.boradzov@ohrana-neva.ru";"Необходимо сделать обследование на предмет принятия объекта на ТО ПС и ОС.";"Магомед +7 917 579 74 45";"назначено";"шатохин 21.11";"-";"Fri Nov 21 2025 16:00:00 GMT-0500 (Eastern Standard Time)";"55.9195377";"37.7111327";"-";"-";"-"
"19.11.2025";" г. Москва, ул. Люблинская, д. 72А, к. 1";" Нежилое помещение";"Братиславская";" Гаук Евгений Михайлович 8-936-555-12-44 / 8-977-393-94-62";"Обследовать на предмет нового монтажа ПС. Обязательно заложить Норд GSM для дальнейшего мониторинга ПС, модуль ethernet для связи и УК-ВК/02 вместе с работами по программированию и прокладки кабеля, для дальнейшего автоматического размыкания эвакуационных дверей (и закрытия заслонок вентиляции при срабатывании ПС, если таковая имеется).";"Клиент: Дмитрий 8-926-736-50-28; Константин 8-929-671-93-88  ";"назначено";"шатохин 24.11";"-";"Mon Nov 24 2025 16:00:00 GMT-0500 (Eastern Standard Time)";"55.6701509";"37.7395334";"-";"-";"-"
"19.11.2025";"г. Москва, 1-й Нижнелихоборский пр-д, д. 1";"Нежилое помещение";"Окружная";" Гаук Евгений Михайлович 8-936-555-12-44 / 8-977-393-94-62";"Обследовать на предмет нового монтажа ПС. Обязательно заложить Норд GSM для дальнейшего мониторинга ПС, модуль ethernet для связи и УК-ВК/02 вместе с работами по программированию и прокладки кабеля, для дальнейшего автоматического размыкания эвакуационных дверей (и закрытия заслонок вентиляции при срабатывании ПС, если таковая имеется).";"Клиент: Дмитрий 8-926-736-50-28; Константин 8-929-671-93-88  ";"назначено";"шатохин 24.11";"-";"Mon Nov 24 2025 16:00:00 GMT-0500 (Eastern Standard Time)";"55.8477186";"37.5644646";"-";"-";"-"
"20.11.2025";"Москв. обл, рп Горки Ленинские, пр-д Инновационный,, д7Б";"Аветисян Артем Сашаевич, склад ";"Горки";" Сибгатова Надежда Сергеевна, n.sibgatova@ohrana-neva.ru, 89884646782";" Прошу провести обследование ОС, можем ли переключить оборудование клиента";"Артем Сашаевич/+7 927 784-84-83";"назначено";"ковалев 29.11";"-";"Sat Nov 29 2025 16:00:00 GMT-0500 (Eastern Standard Time)";"55.5080433";"37.777485";"-";"-";"-"
"20.11.2025";"Москва Луговая улица, 6 к1";"В гости Магазин цветов";"Аэропорт Внуково";" Задорожный Виктор Витальевич +79180526016 v.zadorojnyi@ohrana-neva.ru";" Взять на обслуживание исправную ПС, проверить на соответствие ГОСТу ";" 914 671-02-62 Вероника ";"назначено";"даниелян 21.11";"клиентка отказалась, пс общедомовая , мы не можем исп чужое оборудование ";"Fri Nov 21 2025 16:00:00 GMT-0500 (Eastern Standard Time)";"55.61528999999999";"37.2566425";"-";"-";"-"
"21.11.2025";"Москва, Партизанская ул., 24";" Стоматология Просмайл";"Молодёжная";" Ильина Надежда Викторовна , n.ilina@ohrana-neva.ru, +79217808756 .";" Нужно провести обследование по ПС + ТС, рассмотреть возможность переключения ТС + принятие на ТО ПС";"9035585844 Василий Васильевич ";"назначено";"-";"-";"-";"55.73547670000001";"37.412881";"-";"-";"-"
"21.11.2025";" г. Москва, Обручева улица, д. 55 А";"Стоматология Просмайл";"Зюзино";" Ильина Надежда Викторовна , n.ilina@ohrana-neva.ru, +79217808756 .";" Нужно провести обследование по ПС + ТС, рассмотреть возможность переключения ТС + принятие на ТО ПС";"9035585844 Василий Васильевич ";"назначено";"новгородцев 26.11";"-";"Wed Nov 26 2025 16:00:00 GMT-0500 (Eastern Standard Time)";"55.6507245";"37.560065";"-";"-";"-"
"21.11.2025";" Московская обл., г. Химки, ул. Некрасова, (Сходня мкр) д..2, стр.1, пом. 362";"Магазин Раки & Рыба";"Химки";"Задорожный Виктор Витальевич +79180526016 vit.zadorozhniy@yandex.ru";"Установка ПС с нуля по ГОСТу";"7 903 594-20-58 Сергей ";"назначено";"дурновцев 24.11";"29.11.2025 Не корректная заявка, менеджер что то напутал";"Mon Nov 24 2025 16:00:00 GMT-0500 (Eastern Standard Time)";"55.9423705";"37.2786353";"-";"-";"-"
"21.11.2025";" Московская область, Химки,деревня Елино Авторемонтная улица, с2";" Автомойка, Кафе ";"Химки";"Задорожный Виктор Витальевич +79180526016 v.zadorojnyi@ohrana-neva.ru";"ОС+ТС узнать на предмет количества необходимого оборудования ";"7 903 594-20-58 Сергей";"не назначено";"-";"Техник: ""Менеджер разберётся и отправит данные в понедельник цитировать или ответить Дурновцев Максим Николаевич 2 дня назад 29.11.2025 Не дозвонился, на ватсап не отвечает.""";"-";"55.9779579";"37.2730449";"-";"-";"-"
"21.11.2025";"Московская ол. ленинский р-н деревня ближние прудищи д.34а";"склад";"-";"Траубе Станислав -79187732320  s.traube@ohrana.neva.ru";"Необходимо сделать предварительный просчет на установку ПС по ГОСТу с ТО. ";"Александр +7 910 476 33 46";"назначено";"ковалев 28.11";"-";"Fri Nov 28 2025 16:00:00 GMT-0500 (Eastern Standard Time)";"55.57841";"37.697645";"-";"-";"-"
"21.11.2025";" Красногорск , микрорайон Тёплый Бетон,";" Огонек, детский сад";"Красногорск";") Ильина Надежда Викторовна , n.ilina@ohrana-neva.ru, +79217808756 . ";"-";"-";"назначено";"дурновцев 24.11";"-";"Mon Nov 24 2025 16:00:00 GMT-0500 (Eastern Standard Time)";"55.8263313";"37.326297";"-";"-";"-"
"24.11.2025";"МО, г. Люберцы, ул. Весенняя, 8";"англо-школа";"-";"Александр Сергеевич Чиграй    8 918 883 83 48";"Прошу направить техника на объект для обследования ОС на предмет переключения на наш пульт.  Необходимо заранее связаться с клиентом и согласовать приезд.";"Александр  8-925-568-01-52.";"назначено";"новгородцев 24.11";"-";"Mon Nov 24 2025 16:00:00 GMT-0500 (Eastern Standard Time)";"55.69929810000001";"37.909603";"-";"-";"-"
"24.11.2025";"МО, г.о. Люберцы, ДНТ ""Сосновый бор"", ул. Северная, 102";"частный дом";"-";"Александр Сергеевич Чиграй    8 918 883 83 48";"Прошу направить техника на объект для обследования на предмет нового монтажа ОС, ПС, СВН (провод).  Дизайн-проект у клиента имеется, запросить при необходимости напрямую.  Необходимо заранее связаться с клиентом и согласовать приезд.";"Александр  8-925-568-01-52.";"назначено";"терехов 01.12";"-";"Mon Dec 01 2025 16:00:00 GMT-0500 (Eastern Standard Time)";"55.62799219999999";"37.9694178";"-";"-";"-"
"24.11.2025";"Московская обл., р-н Солнечногорский, тер. д. Литвиново 1.";" склад";"-";"Попов Илья Николаевич  тел.: +7-937-085-64-29";"Обследование для  принятия на ТО ПС, на объекте есть ПС (документы во вложении) ";"Сухроб, тел : 8-985-183-88-01.";"назначено";"дурновцев 29.11";"-";"Sat Nov 29 2025 16:00:00 GMT-0500 (Eastern Standard Time)";"56.11306099999999";"37.1869442";"-";"-";"-"
"24.11.2025";"Московская обл., р-н Солнечногорский, д. Никифорово, промпарк М11";"промпарк М11";"-";"Попов Илья Николаевич  тел.: +7-937-085-64-29";"Обследование для  принятия на ТО ПС, на объекте есть ПС (документы во вложении) ";"Сухроб, тел : 8-985-183-88-01.";"назначено";"дурновцев 29.11";"-";"Sat Nov 29 2025 16:00:00 GMT-0500 (Eastern Standard Time)";"56.1433384";"37.0277352";"-";"-";"-"
"25.11.2025";"МО, г. Дмитров, ул. Спасская, д. 24";" аптека планета здоровья";"Дмитров";"Пряшников Д.Ю.";"Прошу обследовать на предмет ОС+2 стац ктс+брелки+ПС.";"Мишина Ольга Анатольевна 925 003-94-51";"не назначено";"-";"-";"-";"56.3707264";"37.5370547";"-";"-";"-"
"26.11.2025";"Москва, ул. Мурановская, дом 6.";"Гастроном.";"Бибирево";"Христенко Евгений ";"Обследование на предмет установки ПС. ПС устанавливаем на периметр, который очерчен красным.";" Наталья - +7 925 787-82-50";"назначено";"соколов 01.12";"-";"Mon Dec 01 2025 16:00:00 GMT-0500 (Eastern Standard Time)";"55.8920245";"37.60043";"-";"-";"-"
"26.11.2025";"Москва, Ленинградский пр-т, дом 66";" Гастроном ";"Белорусская";"Евгений Александрович Христенко. 7-906-753-62-55, hristenkoeu@yandex.ru";"Ранее был наш обьект -""Перербуржские Пекарни "", мы там устанавливали ПС. Обследование на предмет принятия ПС снова на наше ТО и на предмет установки ОС, ТС.";"ХозЛицо - Александр - +7-916-138-01-93";"назначено";"насим 28.11";"-";"Fri Nov 28 2025 16:00:00 GMT-0500 (Eastern Standard Time)";"55.7835522";"37.5745537";"-";"-";"-"
"26.11.2025";" г. Москва, ул. Усачева, 29к1";"Медицинский офис ""Анализы ДНКОМ"".";"Спортивная";"Мозговой Иван — 8-962-990-51-27.";"Обследование ОС+ТС.";"Вадим — 89299606888.";"назначено";"гагик 27.11";"-";"Thu Nov 27 2025 16:00:00 GMT-0500 (Eastern Standard Time)";"55.724435";"37.563829";"-";"-";"-"
"26.11.2025";"Москва, ленинская слобода 19 ";"АУРУМ ТРЕЙД ";"Автозаводская";"Сергей Михно";"обследование ОС ТС ПС";"контакт Далецкий С.А. 89253708684";"назначено";"батыр 26.11.2025";"-";"Wed Nov 26 2025 16:00:00 GMT-0500 (Eastern Standard Time)";"55.7084315";"37.6527952";"-";"-";"-"
"27.11.2025";"МО, г. Химки, ул. 9 мая, дом 21, корп. 2";" Пекарня ""365""";"Химки";" Евгений Александрович Христенко. 8-906-753-62-55, hristenkoeu@yandex.ru";"Обследование на предмет принятия на ТО местной ПС. С доработкой или без, или расчитать новый монтаж, если там что то не так.";"Екатерина - 8-(910)-000-09-25";"назначено";"шишкинский 29.11";"-";"Sat Nov 29 2025 16:00:00 GMT-0500 (Eastern Standard Time)";"55.9091569";"37.4055978";"-";"-";"-"
"28.11.2025";" г.Москва,ул.Садовая- Кудринская,д,7";",Французская пекарня""Седелисе Френч Баккерри""";"Баррикадная";"Сергей Михно";"обследование на ТО ПС + Мониторинг ПС";"директор Олег+7 977 849-88-29";"назначено";"-";"-";"-";"55.761288";"37.585491";"-";"-";"-"
"28.11.2025";" г. Москва, поселение Сосенское, пос. Коммунарка, ул. Потаповская Роща, д.20 корп.1 офис 10";"ООО ""ЧТК""";"Потапово";" Лагунов Иван Дмитриевич i.lagunov@ohrana-neva.ru 89181159540";"Необходимо сделать обследование по ПС на двух системах - провод, радио и сделать расчет по ОС";"89053440651 Юрий Валериевич";"назначено";"гагик 28.11";"-";"Fri Nov 28 2025 16:00:00 GMT-0500 (Eastern Standard Time)";"55.5515982";"37.5055375";"-";"-";"-"
"28.11.2025";"г.Москва,ул.Новокузнецкая,д.43/16,стр.2,";"Французская пекарня""Седелисе Френч Баккерри""";"Павелецкая";" Сергей Михно";"обследование на ТО ПС";"контакт Турал 89042992641 ";"назначено";"-";"-";"-";"55.73189799999999";"37.635862";"-";"-";"-"
"28.11.2025";" МО,г.Пушкино, Вокзальная площадь, ул.Вокзальная";"помещение ";"Пушкино";" Сергей Михно";"Обследовать новое помещение на ОС+ТС ТО ПС";"Дмитрий 89166717688";"не назначено";"Техника ожидают в среду 03.12.2025 г.";"-";"Wed Dec 03 2025 16:00:00 GMT-0500 (Eastern Standard Time)";"55.965512";"37.9046085";"-";"-";"-"
"28.11.2025";"МО/г. Сергиев Посад, ул. Вафинская д. 144";"здание АЗС";"Сергиев Посад";"Киселев Александр, +79943333994,";" Обследование ПС";"Яна +7 901 798‑42‑13";"не назначено";"-";"-";"-";"56.3012824";"38.163336";"-";"-";"-"
"01.12.2025";"Московская обл., г. Химки, ул. Некрасова, (Сходня мкр) д..2, стр.1, ";"Цех 20";"-";" Задорожный Виктор Витальевич +79180526016 vit.zadorozhniy@yandex.ru";" Установка ПС с нуля по ГОСТу";"7 903 594-20-58 Сергей ";"не назначено";"-";"-";"-";"55.9423705";"37.2786353";"-";"-";"-"
"01.12.2025";"Москва, Большая Марфинская 4к4";"Пекарня Буханка";"Фонвизинская";"Менеджер: Ткаченко В.Н. 89256603542 tka4enko.neva@yandex.ru";"Обследовать на предмет установки ПС (проводная)";" Тарас - +7 925 021-82-32";"назначено";"соколов 01.12";"-";"Mon Dec 01 2025 16:00:00 GMT-0500 (Eastern Standard Time)";"55.8313274";"37.5929179";"-";"-";"-"
"01.12.2025";"Москва, ул. Архитектора Щусева, д.5,к.1";"Пекарня Буханка";"ЗИЛ";"Менеджер: Ткаченко В.Н. 89256603542 tka4enko.neva@yandex.ru";"Обследовать объект на предмет установки ПС (радио) Смотреть ТЗ от клиента! Не забываем про Мониторинг!";" Тарас - +7 925 021-82-32";"назначено";"новгородцев 01.12";"-";"Mon Dec 01 2025 16:00:00 GMT-0500 (Eastern Standard Time)";"55.6993658";"37.6359429";"-";"-";"-"
"01.12.2025";"г. Москва, ул. Дербеневская, дом 1, помещение 30, ";"Головной офис";"Павелецкая";" Берёзко Татьяна Александровна 89046339356 t.berezko@ohrana-neva.ru";"По ПС - нужно понимание -сможем поставить на мониторинг и ТО?, ОС, ТС- проверка оборудования для дальнейшего переключения. Обследование запланировать с 12 до 21 с пн-пт ( будние дни)";"Дмитрий +7 926 835-43-21";"назначено";"новгородцев 01.12";"-";"Mon Dec 01 2025 16:00:00 GMT-0500 (Eastern Standard Time)";"55.726461";"37.6511769";"-";"-";"-"
"01.12.2025";"Москва, 2-я Черногрязская, 6 к1";"кофейня ""Surf Coffee";"Улица 1905 года";" Евгений Александрович Христенко. 8-906-753-62-55, hristenkoeu@yandex.ru";" Обследование на предмет установки ОС, ТС.";"- Степан - 8-(916)-646-65-80 ";"назначено";"насим 02.12";"-";"Tue Dec 02 2025 16:00:00 GMT-0500 (Eastern Standard Time)";"55.7610272";"37.5477083";"-";"-";"-"
"01.12.2025";" г. Москва, ул. Старая Басманная, 25стр5";"офис ""Классическая гомеопатия""";"Комсомольская";"Александр Сергеевич Чиграй  Телефон:  8 918 883 83 48";"Прошу направить техника на объект для обследования ПС на возможность принятия на ТО. Необходимо заранее связаться с клиентом и согласовать приезд.";"Алексей Романович 8-915-037-90-27.  ";"назначено";"шатохин 02.12";"-";"Tue Dec 02 2025 16:00:00 GMT-0500 (Eastern Standard Time)";"55.7675908";"37.6653531";"-";"-";"-"
"01.12.2025";"Красногорск, микрорайон Тёплый Бетон, Школьная ул., 11, ";"Огонек, детский сад";"-";"Ильина Надежда Викторовна , n.ilina@ohrana-neva.ru, +79217808756 . ";"Обследование нужно провести в рабочее время клиента заранее позвонить (у нее вопросы по пожарке)";"Елена Александровна +7 903 007-64-77";"не назначено";"-";"-";"-";"55.8218748";"37.3299163";"-";"-";"-"
"01.12.2025";"Москва, Ленинская Слобода, дом 26, ";"Кофейня ""Surf Coffee&Lilo""";"Автозаводская";"Евгений Александрович Христенко. 8-906-753-62-55, hristenkoeu@yandex.ru";"Обследование на предмет установки ОС, ТС. ( Спросить про ПС тоже, на всякий случай).";"ХозЛицо - Хулан - 8-(985)-800-34-89";"назначено";"шатохин 01.12";"-";"Mon Dec 01 2025 16:00:00 GMT-0500 (Eastern Standard Time)";"55.70985040000001";"37.6544602";"-";"-";"-"
"01.12.2025";"г. Москва, ул. Стахановская д. 16 стр. 1";"ООО «СФЕРА» склад";"Стахановская";") Вершинина Екатерина Владимировна e.vershinina@ohrana-neva.ru 8-903-371-11-21";" п/н 1708Клиент переезжает по тому же адресу но в другое помещение, просьба провести обследование нового помещения на предмет дооборудования";"7 9856637209 Александр";"назначено";"новгородцев 02.12";"-";"Tue Dec 02 2025 16:00:00 GMT-0500 (Eastern Standard Time)";"55.7206391";"37.754012";"-";"-";"-"
"01.12.2025";" Москва, ул. Садовая-Сухаревская улица, 2/34с1";"Аптека ФармЛенд";"Цветной бульвар";" Гунин Владислав Викторович +7 952 814-56-47";" Обследовать объект на предмет монтажа ОС, ТС и ПС на проводе и радио. На объекте есть наше оборудование ОС, ТС.";" Александр 89174733910. ";"назначено";"шатохин 02.12";"-";"Tue Dec 02 2025 16:00:00 GMT-0500 (Eastern Standard Time)";"55.7733169";"37.621984";"-";"-";"-"
"01.12.2025";" Москва, ул. Дмитрия Ульянова, дом 10, стр. 4";"помещение/ Кофейня";"Академическая";"Евгений Александрович Христенко. 8-906-753-62-55, hristenkoeu@yandex.ru";"Обследование на предмет установки ОС, ТС, и ПС";" Дмитрий - 8-(985)-059-15-06";"назначено";"новгородцев 02.12";"-";"Tue Dec 02 2025 16:00:00 GMT-0500 (Eastern Standard Time)";"55.6897741";"37.5664857";"-";"-";"-"
